{
  "properties": {
    "connectionReferences": {
      "shared_office365": {
        "runtimeSource": "embedded",
        "connection": {},
        "api": {
          "name": "shared_office365"
        }
      },
      "shared_teams": {
        "runtimeSource": "embedded",
        "connection": {},
        "api": {
          "name": "shared_teams"
        }
      },
      "shared_approvals": {
        "runtimeSource": "embedded",
        "connection": {},
        "api": {
          "name": "shared_approvals"
        }
      },
      "shared_commondataserviceforapps": {
        "runtimeSource": "embedded",
        "connection": {},
        "api": {
          "name": "shared_commondataserviceforapps"
        }
      }
    },
    "definition": {
      "$schema": "https://schema.management.azure.com/providers/Microsoft.Logic/schemas/2016-06-01/workflowdefinition.json#",
      "contentVersion": "1.0.0.0",
      "parameters": {
        "$connections": {
          "defaultValue": {},
          "type": "Object"
        },
        "$authentication": {
          "defaultValue": {},
          "type": "SecureObject"
        }
      },
      "triggers": {
        "When_a_row_is_added,_modified_or_deleted": {
          "metadata": {
            "operationMetadataId": "bf33210d-c428-412b-8235-6f477d32c3eb"
          },
          "type": "OpenApiConnectionWebhook",
          "inputs": {
            "host": {
              "connectionName": "shared_commondataserviceforapps",
              "operationId": "SubscribeWebhookTrigger",
              "apiId": "/providers/Microsoft.PowerApps/apis/shared_commondataserviceforapps"
            },
            "parameters": {
              "subscriptionRequest/message": 1,
              "subscriptionRequest/entityname": "t7_t7_cmrequests",
              "subscriptionRequest/scope": 4
            },
            "authentication": "@parameters('$authentication')"
          }
        }
      },
      "actions": {
        "Send_an_email_(V2)": {
          "runAfter": {
            "Get_a_row_by_ID": [
              "Succeeded"
            ]
          },
          "metadata": {
            "operationMetadataId": "3566f8f6-d5a4-4e05-a161-17ce19272c7a"
          },
          "type": "OpenApiConnection",
          "inputs": {
            "host": {
              "connectionName": "shared_office365",
              "operationId": "SendEmailV2",
              "apiId": "/providers/Microsoft.PowerApps/apis/shared_office365"
            },
            "parameters": {
              "emailMessage/To": "CS_CFP@GOV000562.onmicrosoft.com;DODIN@GOV000562.onmicrosoft.com;690_AMAC@GOV000562.onmicrosoft.com",
              "emailMessage/Subject": "Request Approval",
              "emailMessage/Body": "<p>Pending approval&nbsp;</p>",
              "emailMessage/Importance": "Normal"
            },
            "authentication": "@parameters('$authentication')"
          }
        },
        "Post_message_in_a_chat_or_channel": {
          "runAfter": {
            "Send_an_email_(V2)": [
              "Succeeded"
            ]
          },
          "metadata": {
            "operationMetadataId": "999b17d2-b801-4aac-aabc-10bc7b7c99c1"
          },
          "type": "OpenApiConnection",
          "inputs": {
            "host": {
              "connectionName": "shared_teams",
              "operationId": "PostMessageToConversation",
              "apiId": "/providers/Microsoft.PowerApps/apis/shared_teams"
            },
            "parameters": {
              "poster": "Flow bot",
              "location": "Group chat",
              "body/recipient": "19:1386a5dd06df43e6a4346ddcf68c67fd@thread.v2",
              "body/messageBody": "<p>Pending Approval</p>"
            },
            "authentication": "@parameters('$authentication')"
          }
        },
        "Start_and_wait_for_an_approval": {
          "runAfter": {
            "Post_message_in_a_chat_or_channel": [
              "Succeeded"
            ]
          },
          "metadata": {
            "operationMetadataId": "9e7ebb10-dec1-48eb-8700-c0f33fe99ed6"
          },
          "type": "OpenApiConnectionWebhook",
          "inputs": {
            "host": {
              "connectionName": "shared_approvals",
              "operationId": "StartAndWaitForAnApproval",
              "apiId": "/providers/Microsoft.PowerApps/apis/shared_approvals"
            },
            "parameters": {
              "approvalType": "Basic",
              "WebhookApprovalCreationInput/title": "Please Approve my Request:@{triggerOutputs()?['body/t7_t7_cmrequestsid']}",
              "WebhookApprovalCreationInput/assignedTo": "690_AMAC@GOV000562.onmicrosoft.com;CS_CFP@GOV000562.onmicrosoft.com;DODIN@GOV000562.onmicrosoft.com;",
              "WebhookApprovalCreationInput/requestor": "@{outputs('Get_a_row_by_ID')?['body/internalemailaddress']};",
              "WebhookApprovalCreationInput/enableNotifications": true,
              "WebhookApprovalCreationInput/enableReassignment": true
            },
            "authentication": "@parameters('$authentication')"
          }
        },
        "Get_a_row_by_ID": {
          "runAfter": {},
          "metadata": {
            "operationMetadataId": "7ae0c682-2b3c-48be-8d56-10faa22d57c7"
          },
          "type": "OpenApiConnection",
          "inputs": {
            "host": {
              "connectionName": "shared_commondataserviceforapps",
              "operationId": "GetItem",
              "apiId": "/providers/Microsoft.PowerApps/apis/shared_commondataserviceforapps"
            },
            "parameters": {
              "entityName": "systemusers",
              "recordId": "@triggerOutputs()?['body/_createdby_value']"
            },
            "authentication": "@parameters('$authentication')"
          }
        },
        "Condition": {
          "actions": {
            "Update_Request_T7_Approved": {
              "runAfter": {},
              "metadata": {
                "operationMetadataId": "b8781c3e-301f-4a75-a9e2-8e0dd81d6ba6"
              },
              "type": "OpenApiConnection",
              "inputs": {
                "host": {
                  "connectionName": "shared_commondataserviceforapps",
                  "operationId": "UpdateRecord",
                  "apiId": "/providers/Microsoft.PowerApps/apis/shared_commondataserviceforapps"
                },
                "parameters": {
                  "entityName": "t7_t7_cmrequestses",
                  "recordId": "@triggerOutputs()?['body/t7_t7_cmrequestsid']",
                  "item/t7_amacapproved": 126590001,
                  "item/t7_dodinapprove": 126590001,
                  "item/t7_pondrequeststatus": 126590001
                },
                "authentication": "@parameters('$authentication')"
              }
            }
          },
          "runAfter": {
            "Compose": [
              "Succeeded"
            ]
          },
          "else": {
            "actions": {
              "Update_Request_T7_Disapproved": {
                "runAfter": {},
                "metadata": {
                  "operationMetadataId": "4b9babbb-bbbd-49d5-a811-da5758f9794e"
                },
                "type": "OpenApiConnection",
                "inputs": {
                  "host": {
                    "connectionName": "shared_commondataserviceforapps",
                    "operationId": "UpdateRecord",
                    "apiId": "/providers/Microsoft.PowerApps/apis/shared_commondataserviceforapps"
                  },
                  "parameters": {
                    "entityName": "t7_t7_cmrequestses",
                    "recordId": "@triggerOutputs()?['body/t7_t7_cmrequestsid']",
                    "item/t7_amacapproved": 126590002,
                    "item/t7_dodinapprove": 126590002,
                    "item/t7_pondrequeststatus": 126590002
                  },
                  "authentication": "@parameters('$authentication')"
                }
              },
              "Terminate": {
                "runAfter": {
                  "Update_Request_T7_Disapproved": [
                    "Succeeded"
                  ]
                },
                "metadata": {
                  "operationMetadataId": "f670fe96-b7d3-43d3-b1c0-907a401f42ea"
                },
                "type": "Terminate",
                "inputs": {
                  "runStatus": "Succeeded"
                }
              }
            }
          },
          "expression": {
            "equals": [
              "@outputs('Start_and_wait_for_an_approval')?['body/outcome']",
              "Approve, Approve, Approve"
            ]
          },
          "metadata": {
            "operationMetadataId": "631bf5e1-f0a6-40b7-b729-d4f109409e5a"
          },
          "type": "If"
        },
        "Apply_to_each": {
          "foreach": "@outputs('Start_and_wait_for_an_approval')?['body/responses']",
          "actions": {
            "Send_an_email_(V2)_2": {
              "runAfter": {},
              "metadata": {
                "operationMetadataId": "bb6bc72e-bf29-4d3d-9c85-a7f5f2b7c5ed"
              },
              "type": "OpenApiConnection",
              "inputs": {
                "host": {
                  "connectionName": "shared_office365",
                  "operationId": "SendEmailV2",
                  "apiId": "/providers/Microsoft.PowerApps/apis/shared_office365"
                },
                "parameters": {
                  "emailMessage/To": "AmberT@GOV000562.onmicrosoft.com",
                  "emailMessage/Subject": "Approved Waiting Assignment",
                  "emailMessage/Body": "<p>@{triggerOutputs()?['body/t7_t7_cmrequestsid']} Awaiting Assignment. <br>\n<br>\nThis was approved by <br>\n@{items('Apply_to_each')?['responder/displayName']}<br>\nhttps://apps.gov.powerapps.us/play/1ac37b85-36f7-4492-ba13-2958f4f71566?tenantId=ffeb3592-8979-4ec2-bd11-3f31f81c4134&nbsp;</p>",
                  "emailMessage/Importance": "Normal"
                },
                "authentication": "@parameters('$authentication')"
              }
            }
          },
          "runAfter": {
            "Condition": [
              "Succeeded"
            ]
          },
          "metadata": {
            "operationMetadataId": "40d14907-7a51-4c57-b160-2e7b373dfa06"
          },
          "type": "Foreach"
        },
        "Compose": {
          "runAfter": {
            "Start_and_wait_for_an_approval": [
              "Succeeded"
            ]
          },
          "metadata": {
            "operationMetadataId": "4e686f12-e90a-407c-8903-93be4f378212"
          },
          "type": "Compose",
          "inputs": "response value: @{outputs('Start_and_wait_for_an_approval')?['body/outcome']}"
        }
      }
    },
    "templateName": ""
  },
  "schemaVersion": "1.0.0.0"
}